alpha,tau,val_f2,val_rec,val_prec,val_acc,test_f2,test_rec,test_prec,full_f2,full_rec,full_prec,full_acc,sc_correct
0.2,0.35,1.0,1.0,1.0,1.0,1.0,1.0,1.0,0.9964412811387899,1.0,0.9824561403508771,0.9942857142857143,11/11
0.2,0.4,1.0,1.0,1.0,1.0,1.0,1.0,1.0,1.0,1.0,1.0,1.0,11/11
0.2,0.42,1.0,1.0,1.0,1.0,1.0,1.0,1.0,1.0,1.0,1.0,1.0,11/11
0.2,0.45,1.0,1.0,1.0,1.0,1.0,1.0,1.0,1.0,1.0,1.0,1.0,11/11
0.2,0.48,1.0,1.0,1.0,1.0,1.0,1.0,1.0,1.0,1.0,1.0,1.0,11/11
0.2,0.5,1.0,1.0,1.0,1.0,1.0,1.0,1.0,1.0,1.0,1.0,1.0,11/11
0.2,0.55,1.0,1.0,1.0,1.0,1.0,1.0,1.0,1.0,1.0,1.0,1.0,11/11
0.3,0.35,1.0,1.0,1.0,1.0,1.0,1.0,1.0,0.9964412811387899,1.0,0.9824561403508771,0.9942857142857143,11/11
0.3,0.4,1.0,1.0,1.0,1.0,1.0,1.0,1.0,0.9964412811387899,1.0,0.9824561403508771,0.9942857142857143,11/11
0.3,0.42,1.0,1.0,1.0,1.0,1.0,1.0,1.0,1.0,1.0,1.0,1.0,11/11
0.3,0.45,1.0,1.0,1.0,1.0,1.0,1.0,1.0,1.0,1.0,1.0,1.0,11/11
0.3,0.48,1.0,1.0,1.0,1.0,1.0,1.0,1.0,1.0,1.0,1.0,1.0,11/11
0.3,0.5,1.0,1.0,1.0,1.0,1.0,1.0,1.0,1.0,1.0,1.0,1.0,11/11
0.3,0.55,1.0,1.0,1.0,1.0,1.0,1.0,1.0,1.0,1.0,1.0,1.0,11/11
0.4,0.35,1.0,1.0,1.0,1.0,1.0,1.0,1.0,0.9929078014184396,1.0,0.9655172413793104,0.9885714285714285,10/11
0.4,0.4,1.0,1.0,1.0,1.0,1.0,1.0,1.0,0.9929078014184396,1.0,0.9655172413793104,0.9885714285714285,10/11
0.4,0.42,1.0,1.0,1.0,1.0,1.0,1.0,1.0,0.9964412811387899,1.0,0.9824561403508771,0.9942857142857143,11/11
0.4,0.45,1.0,1.0,1.0,1.0,1.0,1.0,1.0,0.9964412811387899,1.0,0.9824561403508771,0.9942857142857143,11/11
0.4,0.48,1.0,1.0,1.0,1.0,1.0,1.0,1.0,0.9964412811387899,1.0,0.9824561403508771,0.9942857142857143,11/11
0.4,0.5,1.0,1.0,1.0,1.0,1.0,1.0,1.0,1.0,1.0,1.0,1.0,11/11
0.4,0.55,0.8333333333333334,0.8,1.0,0.9423076923076923,0.7575757575757576,0.7142857142857143,1.0,0.7414448669201521,0.6964285714285714,1.0,0.9028571428571428,11/11
0.5,0.35,0.9740259740259741,1.0,0.8823529411764706,0.9615384615384616,0.9859154929577465,1.0,0.9333333333333333,0.9841827768014061,1.0,0.9256198347107438,0.9742857142857143,9/11
0.5,0.4,1.0,1.0,1.0,1.0,1.0,1.0,1.0,0.9929078014184396,1.0,0.9655172413793104,0.9885714285714285,10/11
0.5,0.42,1.0,1.0,1.0,1.0,1.0,1.0,1.0,0.9929078014184396,1.0,0.9655172413793104,0.9885714285714285,10/11
0.5,0.45,1.0,1.0,1.0,1.0,1.0,1.0,1.0,0.9929078014184396,1.0,0.9655172413793104,0.9885714285714285,10/11
0.5,0.48,1.0,1.0,1.0,1.0,1.0,1.0,1.0,0.9929078014184396,1.0,0.9655172413793104,0.9885714285714285,10/11
0.5,0.5,0.8333333333333334,0.8,1.0,0.9423076923076923,0.7575757575757576,0.7142857142857143,1.0,0.7386363636363636,0.6964285714285714,0.975,0.8971428571428571,11/11
0.5,0.55,0.8333333333333334,0.8,1.0,0.9423076923076923,0.7575757575757576,0.7142857142857143,1.0,0.7386363636363636,0.6964285714285714,0.975,0.8971428571428571,11/11
