Case ID,Case Name,Scope,Challenged Ordinance,Controlling Statute,Gold Label,Predicted Label,Match,Status,P(Contradiction),P(Entailment),Judicial Ruling
DAVAO-TIER3-01,"Mosqueda v. Pilipino Banana Growers & Exporters Association; Inc.",davao_landmark,Ordinance No. 0309-07,Presidential Decree No. 1144 §6,Contradiction,Neutral,False,False Negative (Missed Conflict),0.0003,0.0003,"Unconstitutional and Ultra Vires (Overturned)"
DAVAO-TIER3-02,"Hon. Leoncio Evasco; Jr. v. Alex P. Montañez",davao_landmark,Ordinance No. 092-2000,Republic Act No. 7160 §458(a)(4)(iv); Presidential Decree No. 1096 §301,Entailment,Neutral,False,False Positive (False Alarm),0.0008,0.0002,"Constitutional and Valid Exercise of Police Power (Upheld)"
DAVAO-TIER3-03,"City of Davao and Tanjili v. ARC Investors; Inc.",davao_landmark,Ordinance No. 158-05 §135,Republic Act No. 7160 §143(f); Republic Act No. 8791 §3,Contradiction,Contradiction,True,True Positive (Detected Conflict),0.9847,0.0008,"Ultra Vires Assessment Struck Down (Overturned)"
DAVAO-TIER3-04,"City of Davao and Dureza v. First Meridian Development; Inc.",davao_landmark,Ordinance No. 158-05 §423,Republic Act No. 7160 §195,Contradiction,Contradiction,True,True Positive (Detected Conflict),0.9999,0.0000,"Ultra Vires and Void (Overturned)"
DAVAO-TIER3-05,"City of Davao v. Court of Appeals and GSIS",davao_landmark,Davao City Real Property Tax Assessment on GSIS,Republic Act No. 7160 §193, §234,Entailment,Neutral,False,False Positive (False Alarm),0.0003,0.0024,"Constitutional and Valid (Upheld)"
DAVAO-TIER3-06,"Davao City Mining Ban and Panigan-Tamugan Watershed Dispute",davao_landmark,Ordinance No. 0310-07 & 2015 Mining Ban Ordinance,Republic Act No. 7942 §4, §27,Contradiction,Neutral,False,False Negative (Missed Conflict),0.0005,0.0002,"Active Vertical Preemption / Ultra Vires under Magtajas"
DAVAO-TIER3-07,"Davao City Comprehensive Anti-Smoking Ordinance vs. National Standards",davao_landmark,Ordinance No. 0367-12,Republic Act No. 7160 §16; Republic Act No. 9211 §5,Entailment,Contradiction,False,False Positive (False Alarm),0.9721,0.0005,"Valid Stricter Police Power Standard (Upheld)"
DAVAO-TIER3-08,"Davao City Comprehensive Speed Limit Ordinance under Joint JAO 2018-01",davao_landmark,Ordinance No. 0270-23,Republic Act No. 4136 §35, §38; Joint DILG-DOTr-DPWH JAO 2018-01,Entailment,Neutral,False,False Positive (False Alarm),0.0039,0.0019,"Valid Delegated Local Speed Setting (Upheld)"
SC-PHIL-09,"Magtajas v. Pryce Properties Corp. and PAGCOR",national_preemption_pillar,Cagayan de Oro Ord. No. 3353 & Ord. No. 3375-93,Presidential Decree No. 1869 §1; Republic Act No. 7160 §5(a),Contradiction,Contradiction,True,True Positive (Detected Conflict),0.9999,0.0000,"Ordinances Null and Void / Foundational Preemption Ruling (Overturned)"
SC-PHIL-10,"City of Manila v. Laguio; Jr.",national_preemption_pillar,Manila Ordinance No. 7783,1987 Constitution, Article III, Section 1; Republic Act No. 7160 §458,Contradiction,Neutral,False,False Negative (Missed Conflict),0.0042,0.0002,"Ordinance Declared Unconstitutional (Overturned)"
SC-PHIL-11,"Batangas CATV; Inc. v. Court of Appeals",national_preemption_pillar,Batangas SP Resolution No. 210, Series of 1993,Executive Order No. 205 §2; Executive Order No. 546 §15,Contradiction,Contradiction,True,True Positive (Detected Conflict),0.7456,0.0214,"Resolution and Rate-Fixing Powers Struck Down (Overturned)"
